id,first_name,elevation,gender
1,Cherin,4469,Female
2,Thom,982,Male
3,Madelle,,Female
4,Blakelee,123,Female
5,Bruis,84,Male
6,Reggie,1312,Bigender
7,Karolina,311,Female
8,Patin,37,Male
9,Viviene,1950,Female
10,Betsy,1040,Female
11,Rodolph,1570,Male
12,Lock,4074,Male
13,Farlay,72,Male
14,Nappy,587,Male
15,Loni,2663,Female
16,Chilton,,Male
17,Happy,217,Female
18,Sharlene,398,Bigender
19,Georgiana,10,Female
20,Granger,555,Male
21,Melodee,1340,Female
22,Tina,17,Female
23,Ody,30,Male
24,Keelia,1043,Female
25,Haskell,269,Male
26,Abbye,164,Female
27,Vassili,1765,Male
28,Felicio,2766,Male
29,Corabella,685,Female
30,Lindsay,10,Female
31,Chrisse,5550,Male
32,Hubie,473,Male
33,Eli,44,Male
34,Orv,511,Male
35,Ewen,160,Male
36,Erika,14,Female
37,Jarrod,1573,Male
38,Larina,147,Female
39,Perren,1385,Male
40,Bella,1240,Female
41,Timmi,71,Female
42,Jo ann,4252,Female
43,Amelia,,Female
44,Henry,4234,Male
45,Gabi,433,Male
46,Inglebert,42,Male
47,Britte,179,Female
48,Camilla,1478,Female
49,Giraud,980,Male
50,Upton,630,Male
51,Phillie,354,Female
52,Ruby,64,Male
53,Reeta,0,Female
54,Deloris,29,Female
55,Kinna,156,Female
56,Velvet,421,Female
57,Rachele,2900,Female
58,Juieta,179,Female
59,Lauraine,760,Female
60,Egbert,170,Male
61,Paolina,2513,Female
62,Lodovico,137,Male
63,Kori,1555,Female
64,Hunfredo,1011,Non-binary
65,Verge,16,Male
66,Flin,30,Male
67,Whitney,121,Male
68,Avery,2559,Male
69,Angel,600,Agender
70,Regina,10,Female
71,Dee dee,952,Female
72,Bunni,13,Bigender
73,Culley,1302,Male
74,Nertie,844,Female
75,Willette,50,Female
76,Amerigo,262,Male
77,Allianora,102,Female
78,Colan,877,Male
79,Jermayne,,Male
80,Emlyn,1497,Male
81,Luigi,5709,Male
82,Syman,690,Non-binary
83,Tobe,778,Male
84,Sophia,3126,Female
85,Ralf,622,Male
86,Ilene,7820,Female
87,Yancey,1115,Male
88,Lonni,6375,Female
89,Gerri,34,Female
90,Avril,46,Genderfluid
91,Erda,1864,Female
92,Dame,1998,Male
93,Bren,66,Non-binary
94,Marylynne,502,Female
95,Manda,242,Female
96,Nanon,19,Female
97,Shaun,1486,Female
98,Stanleigh,900,Male
99,Bartlett,60,Male
100,Moss,451,Male
101,Hunfredo,254,Male
102,Olenka,1313,Female
103,Burke,66,Male
104,Dorotea,36,Female
105,Evangelin,8,Female
106,Tommie,172,Female
107,Tamara,2912,Female
108,Vergil,474,Male
109,Angie,,Female
110,Christean,0,Female
111,Ingra,49,Male
112,Larisa,15,Female
113,Molly,656,Female
114,Kata,203,Female
115,Roma,74,Male
116,Cristie,50,Genderqueer
117,Hillyer,371,Male
118,Saloma,2180,Female
119,Giuseppe,956,Male
120,Derril,29,Male
121,Shepperd,2152,Male
122,Marybeth,221,Female
123,Madonna,3506,Female
124,Northrup,54,Male
125,Ebenezer,6814,Male
126,Nikolos,91,Male
127,Heriberto,95,Male
128,Rance,5757,Male
129,Sosanna,10,Female
130,Pip,664,Male
131,Deirdre,1387,Female
132,Carita,464,Female
133,Thorny,3562,Male
134,Krishnah,492,Genderfluid
135,Robinett,76,Female
136,Lodovico,67,Male
137,Roxanne,66,Female
138,Murray,10,Male
139,Laetitia,722,Female
140,Mahalia,213,Non-binary
141,Consuela,4295,Non-binary
142,Kamila,591,Female
143,Hestia,5102,Polygender
144,Joseito,1148,Male
145,Yehudi,775,Agender
146,Sutton,650,Male
147,Elmer,31,Male
148,Ivonne,3450,Female
149,Karolina,49,Female
150,Knox,5150,Male
151,Nial,738,Male
152,Heidie,791,Polygender
153,Wheeler,56,Male
154,Hagan,572,Agender
155,Amalita,262,Bigender
156,Jarrett,1017,Male
157,Estell,17,Female
158,Reinhold,1910,Male
159,Pamelina,558,Female
160,Filbert,262,Male
161,Rafael,6955,Male
162,Gill,8976,Female
163,Dun,249,Male
164,Lilyan,3635,Female
165,Verne,266,Male
166,Benjy,24,Male
167,Philip,10,Bigender
168,Brewer,473,Male
169,Isaak,450,Male
170,Harper,3810,Male
171,Rusty,167,Male
172,Julietta,2996,Female
173,Gwen,,Female
174,Juan,3970,Male
175,Buddy,1287,Male
176,Nola,2,Female
177,Rosemary,1570,Female
178,Jackelyn,20,Female
179,Dixie,14,Female
180,Jobey,534,Female
181,Lavena,15,Female
182,Jeanna,20,Female
183,Bibby,20,Female
184,Suzy,21,Female
185,Daisey,500,Non-binary
186,Giles,2829,Male
187,Turner,228,Male
188,Billie,1770,Male
189,Gibb,4232,Male
190,Dana,252,Female
191,Timofei,157,Male
192,Verine,3337,Female
193,Shirley,,Female
194,Abner,555,Male
195,Lamont,6375,Genderqueer
196,Magdalena,236,Polygender
197,Susi,26,Female
198,Dael,191,Male
199,Lazar,156,Male
200,Maris,87,Female
201,Berk,3661,Bigender
202,Onfroi,1371,Male
203,Ignaz,1420,Male
204,Agretha,570,Female
205,Lee,49,Female
206,Diana,30,Female
207,Kin,892,Male
208,Gonzales,413,Male
209,Irene,425,Female
210,Seth,2743,Male
211,Banky,4,Agender
212,Blanche,1382,Female
213,Dareen,559,Female
214,Petra,60,Female
215,Burt,14,Male
216,Coleman,164,Agender
217,Darnall,95,Male
218,Coral,33,Female
219,Wright,203,Male
220,Brodie,11,Male
221,Fiona,1214,Female
222,Wanids,489,Female
223,Peggi,1478,Female
224,Jamison,203,Male
225,Oswell,,Male
226,Rowen,152,Male
227,Vernor,23,Male
228,Adrian,30,Male
229,Noe,1203,Male
230,Delcina,626,Female
231,Sanford,201,Male
232,Cullen,,Male
233,Horatio,27,Male
234,Jermayne,32,Male
235,Alonzo,993,Male
236,Corina,685,Female
237,Blondelle,685,Female
238,Evvie,1516,Female
239,Lisa,2504,Female
240,Marlowe,64,Male
241,Natalina,1770,Female
242,Darby,16,Polygender
243,Demetre,131,Agender
244,Tarrance,109,Male
245,Dar,797,Male
246,Hersch,40,Male
247,Shoshanna,40,Female
248,Revkah,5954,Female
249,Hillary,27,Male
250,Clarinda,728,Female
251,Arlyn,20,Female
252,Ilene,,Female
253,Opaline,570,Female
254,Marty,1165,Male
255,Marty,,Female
256,Fernande,627,Female
257,Eydie,1850,Female
258,Emmie,56,Female
259,Tedda,5350,Female
260,Riccardo,4100,Male
261,Lanie,1365,Female
262,Malachi,5382,Male
263,Jereme,3773,Male
264,Ailsun,82,Female
265,Trudie,233,Female
266,Craggy,2527,Male
267,Bondon,40,Male
268,Innis,264,Male
269,Cosette,13,Female
270,Constantino,790,Bigender
271,Tracie,387,Female
272,Gilberta,4700,Female
273,Dierdre,76,Female
274,Gertrude,1092,Female
275,Editha,254,Non-binary
276,Benoit,7300,Male
277,Arnie,1385,Male
278,Keefe,140,Male
279,Bliss,30,Female
280,Scotti,2715,Male
281,Emili,12,Female
282,Norah,410,Female
283,Fawne,1923,Female
284,Muffin,5916,Male
285,Moses,3000,Male
286,Krystyna,3,Female
287,Ursala,1024,Bigender
288,Bartram,228,Male
289,Zora,85,Female
290,Anstice,957,Female
291,Gianna,472,Female
292,Nap,217,Male
293,Roz,934,Female
294,Babara,21,Female
295,Constantino,48,Male
296,Tome,180,Genderfluid
297,Morie,1189,Male
298,Mose,1953,Male
299,Albert,526,Male
300,Dione,4115,Female
301,Adair,187,Male
302,Kai,36,Genderqueer
303,Moyra,312,Female
304,Rutter,937,Male
305,Jonathon,16,Male
306,Huntley,57,Male
307,Gerick,3314,Male
308,Nealy,705,Male
309,Samantha,274,Female
310,Thaddus,3900,Male
311,Gloria,483,Genderfluid
312,Opaline,277,Female
313,Adair,4529,Male
314,Marja,751,Female
315,Carolus,277,Male
316,Adriano,33,Male
317,Seward,25,Male
318,Glad,807,Female
319,Yetty,8,Female
320,Elton,20,Male
321,Arly,4776,Female
322,Waverley,626,Male
323,Alfy,0,Male
324,Monty,26,Polygender
325,Arlen,97,Male
326,Federica,36,Female
327,Roddie,1141,Genderqueer
328,Ayn,446,Female
329,Hortense,411,Female
330,Chicky,3810,Male
331,Edna,618,Female
332,Yulma,46,Male
333,Reginald,69,Male
334,Michell,3000,Female
335,Pooh,2874,Female
336,Whitby,112,Male
337,Jarid,2087,Male
338,Kristos,5112,Male
339,Mandel,43,Male
340,Clarine,7,Female
341,Jelene,,Female
342,Linea,272,Genderfluid
343,Jarrid,10,Male
344,Daria,33,Female
345,Hanna,170,Female
346,Philip,23,Male
347,Frederica,1180,Female
348,Muffin,3627,Male
349,Mikey,7200,Genderqueer
350,Lanni,199,Female
351,Curt,135,Male
352,Aridatha,289,Genderqueer
353,Phebe,23,Female
354,Ellette,1814,Non-binary
355,Koenraad,9092,Male
356,Bo,15,Male
357,Noelle,2058,Female
358,Erny,1844,Male
359,Becka,128,Female
360,Nicola,912,Male
361,Sterling,885,Male
362,Nil,17,Male
363,Hobard,88,Male
364,Rosamund,2912,Female
365,Robers,659,Genderqueer
366,Graeme,408,Male
367,Delainey,17,Male
368,Anjela,26,Female
369,Christy,63,Female
370,Dall,1133,Male
371,Cozmo,2591,Male
372,Nadine,161,Female
373,Goddard,2126,Male
374,Sapphire,699,Female
375,Jill,4950,Female
376,Edgardo,5,Male
377,April,361,Female
378,Aleta,157,Female
379,Cherey,274,Female
380,Regen,774,Male
381,Lonna,3275,Female
382,Alane,1230,Female
383,Cristine,50,Female
384,Ronda,2280,Female
385,Haze,915,Male
386,Rance,1048,Male
387,Svend,980,Male
388,Aldous,43,Male
389,Bartholemy,15,Male
390,Cross,984,Male
391,Janith,14,Genderfluid
392,Herman,1672,Male
393,Brita,262,Polygender
394,Omar,39,Male
395,Sandye,4547,Female
396,Pat,23,Female
397,Leigh,700,Genderfluid
398,Mariellen,5530,Female
399,Randi,36,Genderqueer
400,Conway,13,Male
401,Randolph,459,Male
402,Evangelina,394,Female
403,Alia,1150,Female
404,Giacinta,145,Female
405,Hilary,2320,Female
406,Izak,1043,Male
407,Kipp,214,Female
408,Merridie,341,Female
409,Courtnay,6102,Male
410,Rivy,1797,Female
411,Bard,1036,Male
412,Ralina,,Female
413,Willette,104,Female
414,Katine,1775,Female
415,Townsend,995,Male
416,Quinton,24,Male
417,Joly,1141,Female
418,Web,,Male
419,Giuditta,4100,Female
420,Fredia,3132,Female
421,Leonie,705,Genderqueer
422,Murvyn,33,Male
423,Franchot,51,Male
424,Randall,7759,Male
425,Beret,17,Female
426,Colette,5160,Female
427,Nicolai,984,Male
428,Morey,6,Male
429,Susan,2313,Female
430,Keith,894,Male
431,Gael,35,Female
432,Richard,275,Male
433,Reinaldo,6931,Male
434,Waneta,1483,Female
435,Thedric,62,Male
436,Axe,,Male
437,Derron,4700,Male
438,Jeanette,,Female
439,Murielle,34,Female
440,Karlotta,4900,Female
441,Ardith,304,Female
442,Arlana,3688,Female
443,Monty,758,Genderfluid
444,Jobi,206,Female
445,Moss,806,Male
446,Ofilia,70,Female
447,Blisse,676,Female
448,Carine,20,Female
449,Jodie,477,Genderfluid
450,Cinderella,9070,Female
451,Staffard,474,Male
452,Maryellen,88,Female
453,Lane,26,Male
454,Selestina,3911,Female
455,Davide,374,Male
456,Tina,423,Genderfluid
457,Catherina,883,Female
458,Florella,3295,Female
459,Tracie,5800,Male
460,Marc,614,Male
461,Bryana,97,Female
462,Gratia,1141,Polygender
463,Jammal,8365,Male
464,Eolanda,32,Female
465,Cristy,5772,Female
466,Manya,761,Female
467,Kimmi,102,Female
468,Gwyneth,132,Female
469,Sumner,16,Male
470,Christine,1446,Female
471,Eolanda,490,Female
472,Laureen,1079,Female
473,Katrine,80,Female
474,Phyllida,59,Female
475,Christie,1649,Female
476,Drucy,3990,Bigender
477,Edithe,7,Female
478,Peri,137,Female
479,Felicdad,3318,Female
480,Liza,656,Female
481,Benito,25,Male
482,Leonie,10,Female
483,Tammy,1969,Female
484,Imojean,168,Female
485,Somerset,1335,Genderqueer
486,Alie,66,Female
487,Conroy,17,Male
488,Aubrette,65,Female
489,Korella,1183,Female
490,Loralie,398,Bigender
491,Arthur,0,Male
492,Bourke,,Male
493,Trisha,38,Female
494,Gina,165,Female
495,Robenia,164,Female
496,Cori,24,Male
497,Schuyler,4074,Male
498,Ashbey,203,Male
499,Debbie,4500,Female
500,Whitney,1486,Non-binary
501,Phillida,610,Female
502,Porter,,Male
503,Dannye,75,Female
504,Alon,10,Non-binary
505,Chicky,1148,Male
506,Benedict,778,Male
507,Yorke,3488,Male
508,Adara,1427,Female
509,Florie,60,Female
510,Lauritz,111,Male
511,Gregor,14,Male
512,Matthew,963,Male
513,Terese,984,Female
514,Pearle,1949,Female
515,Barton,8,Male
516,Annmarie,320,Female
517,Ciro,59,Male
518,Calla,2169,Female
519,Kim,191,Male
520,Keeley,56,Female
521,Maury,24,Male
522,Almeda,25,Female
523,Troy,627,Male
524,Selina,9,Female
525,Murry,81,Male
526,Daron,4812,Female
527,Ruthanne,7150,Female
528,Kat,276,Female
529,Duke,701,Male
530,Monah,82,Female
531,Josee,2100,Female
532,Bryna,8,Female
533,Prissie,2132,Female
534,Wilburt,,Male
535,Melicent,1496,Female
536,Berny,18,Female
537,Pamela,80,Female
538,Solly,100,Genderfluid
539,Gerrie,128,Female
540,Shannan,82,Non-binary
541,Cazzie,4053,Male
542,Julie,50,Bigender
543,Mame,595,Female
544,Keir,584,Male
545,Zorine,100,Female
546,Correy,,Male
547,Codie,223,Female
548,Winny,900,Female
549,Ford,939,Male
550,Jeane,150,Female
551,Iggie,10,Male
552,Carl,90,Male
553,Nowell,20,Polygender
554,Whitney,16,Female
555,Patty,1278,Male
556,Clywd,1333,Male
557,Heindrick,21,Male
558,Emmalee,627,Female
559,Reggy,984,Male
560,Sibyl,4000,Male
561,Conni,148,Female
562,Morris,779,Male
563,Angelico,913,Agender
564,Mabelle,1870,Female
565,Izabel,269,Female
566,Cassi,4308,Female
567,Mahmud,551,Male
568,Selby,148,Male
569,Lari,7,Female
570,Cobbie,49,Genderfluid
571,Wadsworth,33,Male
572,Darbie,5440,Bigender
573,Erik,162,Male
574,Bondon,4697,Bigender
575,Gifford,3187,Male
576,Murdock,3963,Male
577,Deny,0,Female
578,Katharine,10,Female
579,Rolfe,824,Male
580,Tatiana,10,Female
581,Elayne,347,Female
582,Micki,1473,Female
583,Brand,584,Male
584,Seana,896,Female
585,Michel,65,Bigender
586,Roderick,595,Male
587,Timothy,16,Male
588,Jessika,13,Female
589,Bill,49,Non-binary
590,Marguerite,696,Female
591,Darlleen,367,Female
592,Sarine,4150,Female
593,Maximilianus,10,Male
594,Gabe,90,Male
595,Alex,1968,Genderfluid
596,Alwyn,4,Male
597,Lodovico,2770,Male
598,Alfy,73,Female
599,Mara,970,Female
600,Adrian,2540,Male
601,Dominik,54,Male
602,Laney,276,Agender
603,Almeria,10,Female
604,Suellen,4105,Female
605,Franky,5453,Female
606,Dalila,360,Female
607,Garrick,790,Male
608,Elvin,21,Male
609,Loralie,674,Agender
610,Diane,3887,Female
611,Grazia,4912,Female
612,Marleen,69,Female
613,Kailey,394,Female
614,Krishnah,140,Male
615,Kliment,492,Male
616,Ginny,5440,Female
617,Mareah,73,Female
618,Mirabella,1500,Female
619,Ahmad,823,Male
620,Eda,390,Polygender
621,Carl,241,Male
622,Dillie,1095,Male
623,Sutherlan,189,Male
624,Clair,45,Female
625,Leona,297,Female
626,Esteban,3300,Male
627,Kelcie,860,Female
628,Isiahi,0,Male
629,Nessi,55,Female
630,Connie,131,Bigender
631,Debbie,833,Female
632,Zora,60,Female
633,Stearn,2021,Male
634,Tracey,170,Female
635,Hattie,26,Female
636,Alfie,,Male
637,Boyd,93,Male
638,Oralie,13,Female
639,Fionna,1171,Female
640,Eugenio,3670,Male
641,Curry,89,Male
642,Delainey,291,Male
643,Cornall,5127,Male
644,Junette,49,Female
645,Ulrich,2395,Male
646,Roxy,,Female
647,Earle,2347,Male
648,Somerset,20,Genderqueer
649,Shane,146,Male
650,Delmar,5213,Male
651,Frederick,878,Male
652,Reena,92,Female
653,Audre,1085,Female
654,Jane,545,Female
655,Harriet,420,Genderqueer
656,Mabel,95,Female
657,Obediah,,Male
658,Winnie,11,Male
659,Keen,1500,Male
660,Jasmin,15,Female
661,Alair,62,Male
662,Merna,18,Female
663,Jessa,5778,Female
664,Isabella,245,Female
665,Orren,355,Male
666,Tom,957,Male
667,Milena,,Female
668,Deeyn,753,Female
669,Barby,15,Female
670,Jeramey,13,Male
671,Franz,1661,Male
672,Jaclyn,3283,Agender
673,Gaston,34,Male
674,Nicol,246,Female
675,Robert,1555,Male
676,Alaster,1488,Male
677,Ringo,135,Male
678,Adamo,7,Male
679,Reynolds,1224,Male
680,Jeno,40,Non-binary
681,Davon,10,Male
682,Bevin,3287,Male
683,Zelig,1198,Male
684,Zebedee,188,Male
685,Geno,165,Male
686,Ardelle,1023,Agender
687,Mireille,28,Female
688,Melesa,0,Female
689,Ker,583,Male
690,Jonell,80,Female
691,Dyane,4678,Female
692,Gare,10,Male
693,Osbourn,548,Male
694,Sauncho,5,Male
695,Raviv,364,Male
696,Jewel,1722,Female
697,Helli,778,Female
698,Jaye,0,Male
699,Wolfie,203,Male
700,Baron,1266,Male
701,Katha,10,Female
702,Neddie,36,Male
703,Shellysheldon,556,Genderfluid
704,Maurits,24,Male
705,Naoma,157,Female
706,Kahaleel,13,Male
707,Harwilll,4105,Genderqueer
708,Maxi,65,Female
709,Nikaniki,56,Bigender
710,Scotty,398,Male
711,Deloria,10804,Female
712,Archambault,28,Male
713,Mariya,224,Female
714,Codi,134,Male
715,Jenelle,2527,Female
716,Craggie,278,Male
717,Bryn,,Polygender
718,Lulu,587,Female
719,Yorker,49,Male
720,Robby,148,Female
721,Mona,3951,Female
722,Karyn,9380,Female
723,Ursa,106,Female
724,Korie,5918,Female
725,Dre,99,Female
726,Janelle,354,Female
727,Matthiew,551,Male
728,Terrel,227,Male
729,Brooke,920,Male
730,Muire,927,Female
731,Gradey,57,Male
732,Bride,70,Female
733,Amelina,9,Female
734,Aloin,1509,Male
735,Jennica,95,Female
736,Aggi,226,Female
737,Graham,32,Male
738,Hayley,6500,Female
739,Devin,90,Female
740,Loella,80,Female
741,Jacqueline,1228,Genderqueer
742,Salmon,2135,Male
743,Jocelin,8502,Female
744,Gerry,5204,Male
745,Joane,6,Female
746,Kristoforo,82,Male
747,Wells,7,Male
748,Garnette,390,Female
749,Harmonia,1266,Female
750,Welsh,-24,Male
751,Elmer,1893,Male
752,Demetrius,495,Male
753,Ikey,181,Male
754,Fabiano,322,Male
755,Shannah,74,Female
756,Max,275,Male
757,Francklin,32,Male
758,Lynde,492,Female
759,Kermie,1815,Agender
760,Alanna,1083,Female
761,Adorne,54,Female
762,Barris,,Male
763,Warden,481,Male
764,Rolph,,Male
765,Garfield,1578,Male
766,Harmonie,,Female
767,Carlee,230,Female
768,Aylmar,325,Male
769,Patty,245,Male
770,Eyde,15,Female
771,Lilla,33,Female
772,Towney,5,Genderqueer
773,Granville,74,Male
774,Earle,91,Male
775,Chad,137,Female
776,Ara,91,Bigender
777,Sunny,208,Female
778,Elisabetta,2112,Female
779,Ulises,91,Male
780,Thorpe,5550,Male
781,Lexi,827,Female
782,Nicky,7360,Male
783,Port,951,Male
784,Jacquette,682,Female
785,Xylina,625,Female
786,Ramona,4859,Female
787,Kizzie,142,Female
788,Jewell,639,Female
789,Terrell,626,Male
790,Paulo,16,Male
791,Garret,315,Male
792,Madelaine,16,Female
793,Sergeant,542,Male
794,Tamas,1475,Male
795,Catlaina,75,Female
796,Harlin,,Male
797,Sukey,70,Female
798,Steffane,1767,Female
799,Bowie,4045,Bigender
800,Aurore,206,Female
801,Fifine,831,Female
802,Emory,508,Male
803,Maxi,423,Female
804,Dave,224,Male
805,Dody,5,Female
806,Ansell,141,Male
807,Price,867,Genderqueer
808,Hannis,25,Female
809,Ronnie,,Polygender
810,Arlena,,Female
811,Burg,4900,Male
812,Devlen,10,Male
813,Rolf,617,Male
814,Dyane,4311,Polygender
815,Joane,10,Female
816,Kenn,81,Male
817,Gannie,991,Agender
818,Shellie,8,Female
819,Trudy,4678,Female
820,Bradney,3950,Male
821,Kahaleel,199,Male
822,Sonja,387,Female
823,Danya,672,Female
824,Dall,3077,Male
825,Sianna,162,Agender
826,Lukas,1371,Male
827,Flossi,1614,Female
828,Rawley,8976,Male
829,Oralle,820,Female
830,Ibbie,13,Polygender
831,Hana,1213,Female
832,Daisi,72,Female
833,Gianni,65,Male
834,Marje,4035,Female
835,Kaja,71,Female
836,Goraud,59,Male
837,Ferguson,246,Male
838,Oliver,38,Male
839,Laney,5741,Male
840,Gideon,308,Male
841,Kylynn,896,Agender
842,Irena,4163,Female
843,Patrizia,143,Female
844,Waylon,7,Male
845,Godfry,1481,Male
846,Vittorio,-70,Male
847,Susannah,10,Female
848,Rosita,52,Female
849,Carolee,1253,Female
850,Alyssa,2717,Female
851,Buffy,76,Female
852,King,3287,Male
853,Elston,1716,Male
854,Brewer,435,Male
855,Rolph,701,Male
856,Meg,3707,Female
857,Jenine,8,Female
858,Ignazio,6,Bigender
859,Cesya,285,Female
860,Pierrette,185,Female
861,Mauricio,656,Male
862,Lamond,690,Male
863,Frazer,1870,Male
864,Drud,922,Male
865,Angeline,73,Female
866,Laurene,4,Female
867,Laney,207,Female
868,Wyatan,16,Male
869,Phip,45,Male
870,Quintina,1251,Female
871,Bartram,3320,Male
872,Kathrine,2600,Female
873,Trenna,646,Female
874,Salomone,221,Male
875,Reg,3695,Male
876,Vito,65,Male
877,Blane,27,Male
878,Myra,42,Female
879,Gilburt,8,Male
880,Pansy,300,Female
881,Nikki,32,Male
882,Winslow,3959,Male
883,Rosella,15,Female
884,Winne,13,Female
885,Ardene,265,Female
886,Mersey,76,Female
887,Alard,847,Male
888,Farlay,299,Male
889,Sigismond,2459,Male
890,Dorelia,,Female
891,Karoly,5765,Female
892,Stefania,20,Female
893,Katerina,215,Female
894,Kris,1014,Female
895,Modestia,281,Female
896,Michale,5350,Male
897,Derek,400,Male
898,Leonora,1140,Female
899,Alfred,1824,Male
900,Banky,387,Male
901,Timmy,916,Female
902,Winslow,6,Male
903,Egon,23,Male
904,Rochester,807,Male
905,Hurley,419,Male
906,Jecho,1407,Male
907,Tabbie,39,Female
908,Selia,15,Female
909,Desi,55,Male
910,Fara,264,Female
911,Ronnie,771,Male
912,Lester,5350,Male
913,Chilton,1180,Male
914,Reynolds,85,Male
915,Caterina,77,Female
916,Haze,2430,Agender
917,Fredelia,60,Female
918,Trudey,29,Female
919,Brittany,10,Female
920,Teddie,4900,Female
921,Sayre,247,Male
922,Parke,224,Polygender
923,Dicky,1873,Male
924,Piotr,1669,Male
925,Fawne,112,Non-binary
926,Katharyn,643,Female
927,Marianne,1549,Female
928,Pippo,465,Male
929,Jacquie,154,Female
930,Dulciana,73,Female
931,Michal,1657,Male
932,Evanne,4518,Female
933,Wendel,110,Male
934,Devora,,Female
935,Siffre,1110,Male
936,Natty,6,Female
937,Leonidas,685,Male
938,Traci,59,Female
939,Aubert,32,Male
940,Sonnnie,280,Female
941,Olva,1985,Female
942,Clare,770,Male
943,Aubine,4277,Female
944,Tracee,116,Female
945,Obediah,1251,Male
946,Rozamond,16,Bigender
947,Coriss,134,Female
948,Dion,449,Male
949,Sianna,336,Female
950,Itch,5200,Male
951,Ali,1900,Female
952,Geno,88,Male
953,Gerry,899,Male
954,Winna,342,Female
955,Aggi,6,Female
956,Spense,3784,Male
957,Rorke,2540,Male
958,Rockey,131,Male
959,Tades,279,Polygender
960,Jonis,343,Female
961,Rabbi,3358,Male
962,Cross,761,Male
963,Rosalinda,236,Female
964,Eachelle,1220,Female
965,Ellene,,Female
966,Elenore,257,Female
967,Hieronymus,4054,Male
968,Cristiano,1462,Male
969,Elianore,87,Female
970,Kimberly,2165,Female
971,Gypsy,2193,Female
972,Emlyn,538,Male
973,Douglass,1096,Male
974,Moshe,4,Male
975,Burtie,1533,Male
976,Ollie,968,Female
977,Kaleb,76,Male
978,Jaquenetta,1248,Female
979,Celka,772,Female
980,Winfred,66,Male
981,Cherice,1055,Female
982,Helli,197,Female
983,Julian,148,Male
984,Modestia,5790,Female
985,Jabez,146,Male
986,Gordon,2271,Male
987,Forester,942,Male
988,Bondon,15,Male
989,Jarrett,17,Male
990,Chris,39,Male
991,Dag,633,Male
992,Halley,698,Female
993,Randi,988,Male
994,Kingsly,1056,Male
995,Neale,296,Male
996,Rabi,503,Male
997,Samuel,6725,Male
998,Renata,,Female
999,Marie-ann,1873,Female
1000,Trip,146,Male
